goods_to_declare,update_time,estimated_shipping_fee,total_amount,service_code,payment_method,country,escrow_amount,message_to_seller,shipping_carrier,days_to_ship,currency,create_time,cod,items,tracking_no,order_status,actual_shipping_cost,recipient_address,ordersn
False,1510262611,12000,107000,,PAY_BANK_TRANSFER,ID,147000,,JNE Reguler,3,IDR,1509712661,False,"[{""sku"": 7179, ""item_name"": ""Perfect Beauty Perfectlashes Mega 8044 - Human Hair Bulu Mata Palsu"", ""item_sku"": 229954, ""variation_discounted_price"": ""10000"", ""variation_id"": 979079, ""variation_name"": """", ""item_id"": 546910, ""variation_quantity_purchased"": 1, ""variation_sku"": 701574, ""variation_original_price"": ""20000""}, {""sku"": 2406, ""item_name"": ""Cottage Moisturizing Body Milk 250ml  - Pelembab Tubuh Body Lotion"", ""item_sku"": 426700, ""variation_discounted_price"": ""85000"", ""variation_id"": 430115, ""variation_name"": ""Ocean Blossom 250ml"", ""item_id"": 890043, ""variation_quantity_purchased"": 1, ""variation_sku"": 973942, ""variation_original_price"": ""85000""}]",24472085,COMPLETED,52000,"{""town"": """", ""city"": ""KAB. MAMUJU UTARA"", ""name"": ""Random Person 1"", ""district"": ""District 1"", ""country"": ""ID"", ""zipcode"": 1234, ""full_address"": ""Address 1 at 1235"", ""phone"": ""12345-6789"", ""state"": ""SULAWESI BARAT""}",shopee-order-id-1
False,1510236398,0,115200,,PAY_BANK_TRANSFER,ID,124200,,JNE Reguler,3,IDR,1509949495,False,"[{""sku"": 5893, ""item_name"": ""CANMAKE Cream Cheek (05)"", ""item_sku"": 519479, ""variation_discounted_price"": ""115200"", ""variation_id"": 310058, ""variation_name"": ""CANMAKE Cream Cheek (05)"", ""item_id"": 919994, ""variation_quantity_purchased"": 1, ""variation_sku"": 446417, ""variation_original_price"": ""128000""}]",83468888,COMPLETED,9000,"{""town"": """", ""city"": ""KOTA JAKARTA BARAT"", ""name"": ""Random Person 2"", ""district"": ""District 2"", ""country"": ""ID"", ""zipcode"": 1235, ""full_address"": ""Address 2 at 1236"", ""phone"": ""12345-6789"", ""state"": ""DKI JAKARTA""}",shopee-order-id-2
False,1510237646,0,176000,,PAY_IPAY88,ID,214000,,JNE Reguler,3,IDR,1509964545,False,"[{""sku"": 5776, ""item_name"": ""Cottage Shower Gel 750ml - Sabun Mandi Shower Gel"", ""item_sku"": 771269, ""variation_discounted_price"": ""88000"", ""variation_id"": 699091, ""variation_name"": ""strawbery 750ml"", ""item_id"": 415200, ""variation_quantity_purchased"": 2, ""variation_sku"": 759992, ""variation_original_price"": ""88000""}]",57621837,COMPLETED,38000,"{""town"": """", ""city"": ""KOTA BANDAR LAMPUNG"", ""name"": ""Random Person 3"", ""district"": ""District 3"", ""country"": ""ID"", ""zipcode"": 1236, ""full_address"": ""Address 3 at 1237"", ""phone"": ""12345-6789"", ""state"": ""LAMPUNG""}",shopee-order-id-3
False,1510237678,6000,591054,,PAY_CYBERSOURCE,ID,622200,,JNE Reguler,3,IDR,1510013314,False,"[{""sku"": 8226, ""item_name"": ""Hollywood Diet 48 Hour Miracle Diet 947ml - Jus Pelangsing Badan"", ""item_sku"": 532419, ""variation_discounted_price"": ""366200"", ""variation_id"": 657809, ""variation_name"": """", ""item_id"": 762028, ""variation_quantity_purchased"": 1, ""variation_sku"": 513846, ""variation_original_price"": ""489900""}, {""sku"": 3002, ""item_name"": ""Spawellness Shower Gel  850ml- Sabun Mandi Memutihkan Dan Menghilangkan Daki"", ""item_sku"": 294361, ""variation_discounted_price"": ""220000"", ""variation_id"": 612102, ""variation_name"": ""Snow White 850ml"", ""item_id"": 661754, ""variation_quantity_purchased"": 1, ""variation_sku"": 764743, ""variation_original_price"": ""220000""}]",99893134,TO_CONFIRM_RECEIVE,36000,"{""town"": """", ""city"": ""KOTA SEMARANG"", ""name"": ""Random Person 4"", ""district"": ""District 4"", ""country"": ""ID"", ""zipcode"": 1237, ""full_address"": ""Address 4 at 1238"", ""phone"": ""12345-6789"", ""state"": ""JAWA TENGAH""}",shopee-order-id-4
False,1510280919,0,118000,,PAY_IPAY88,ID,129000,,JNE Reguler,3,IDR,1509970226,False,"[{""sku"": 1132, ""item_name"": ""Hada Labo Gokujyun - Ultimate Moisturizing Foaming Face Wash Pump (100 ml)"", ""item_sku"": 747225, ""variation_discounted_price"": ""59000"", ""variation_id"": 643546, ""variation_name"": ""Hada Labo Gokujyun - Ultimate Moisturizing Foaming Face Wash Pump (100 ml)"", ""item_id"": 715623, ""variation_quantity_purchased"": 2, ""variation_sku"": 738897, ""variation_original_price"": ""59000""}]",76204299,SHIPPED,11000,"{""town"": """", ""city"": ""KOTA BANDUNG"", ""name"": ""Random Person 5"", ""district"": ""District 5"", ""country"": ""ID"", ""zipcode"": 1238, ""full_address"": ""Address 5 at 1239"", ""phone"": ""12345-6789"", ""state"": ""JAWA BARAT""}",shopee-order-id-5
False,1510238820,0,199100,,PAY_IPAY88,ID,199100,,JNE Reguler,3,IDR,1510036172,False,"[{""sku"": 6726, ""item_name"": ""Masami Shouko 108 Powder/Blush Brush - Kuas Make Up Powder"", ""item_sku"": 337921, ""variation_discounted_price"": ""140100"", ""variation_id"": 531576, ""variation_name"": """", ""item_id"": 591935, ""variation_quantity_purchased"": 1, ""variation_sku"": 969723, ""variation_original_price"": ""178900""}, {""sku"": 3240, ""item_name"": ""Hada Labo Gokujyun - Ultimate Moisturizing Foaming Face Wash Pump (100 ml)"", ""item_sku"": 687176, ""variation_discounted_price"": ""59000"", ""variation_id"": 537409, ""variation_name"": ""Hada Labo Gokujyun - Ultimate Moisturizing Foaming Face Wash Pump (100 ml)"", ""item_id"": 731260, ""variation_quantity_purchased"": 1, ""variation_sku"": 138712, ""variation_original_price"": ""59000""}]",13511791,TO_RETURN,21000,"{""town"": """", ""city"": ""KAB. SLEMAN"", ""name"": ""Random Person 6"", ""district"": ""District 6"", ""country"": ""ID"", ""zipcode"": 1239, ""full_address"": ""Address 6 at 1240"", ""phone"": ""12345-6789"", ""state"": ""DI YOGYAKARTA""}",shopee-order-id-6
False,1510280590,0,171422,,PAY_IPAY88,ID,202000,,JNE Reguler,3,IDR,1510051406,False,"[{""sku"": 9238, ""item_name"": ""Cottage Shower Gel 750ml - Sabun Mandi Shower Gel"", ""item_sku"": 567380, ""variation_discounted_price"": ""88000"", ""variation_id"": 449666, ""variation_name"": ""strawbery 750ml"", ""item_id"": 849907, ""variation_quantity_purchased"": 1, ""variation_sku"": 353858, ""variation_original_price"": ""88000""}, {""sku"": 8779, ""item_name"": ""Cottage Shower Gel 750ml - Sabun Mandi Shower Gel"", ""item_sku"": 127356, ""variation_discounted_price"": ""88000"", ""variation_id"": 537335, ""variation_name"": ""Grapfruit 750ml"", ""item_id"": 913931, ""variation_quantity_purchased"": 1, ""variation_sku"": 442621, ""variation_original_price"": ""88000""}]",36057952,SHIPPED,26000,"{""town"": """", ""city"": ""KAB. CIANJUR"", ""name"": ""Random Person 7"", ""district"": ""District 7"", ""country"": ""ID"", ""zipcode"": 1240, ""full_address"": ""Address 7 at 1241"", ""phone"": ""12345-6789"", ""state"": ""JAWA BARAT""}",shopee-order-id-7
False,1510280933,11000,88900,,PAY_IPAY88,ID,88900,,JNE Reguler,3,IDR,1510087191,False,"[{""sku"": 5441, ""item_name"": ""Ardell 130231 Lashtite Adhesive 0.125oz Dark"", ""item_sku"": 336831, ""variation_discounted_price"": ""77900"", ""variation_id"": 158479, ""variation_name"": ""Ardell 130231 Lashtite Adhesive 0.125oz Dark"", ""item_id"": 566073, ""variation_quantity_purchased"": 1, ""variation_sku"": 145244, ""variation_original_price"": ""77900""}]",35029104,SHIPPED,11000,"{""town"": """", ""city"": ""KOTA BANDUNG"", ""name"": ""Random Person 8"", ""district"": ""District 8"", ""country"": ""ID"", ""zipcode"": 1241, ""full_address"": ""Address 8 at 1242"", ""phone"": ""12345-6789"", ""state"": ""JAWA BARAT""}",shopee-order-id-8
False,1510282650,6000,372200,,PAY_IPAY88,ID,372200,,JNE Reguler,3,IDR,1510030812,False,"[{""sku"": 7201, ""item_name"": ""Hollywood Diet 48 Hour Miracle Diet 947ml - Jus Pelangsing Badan"", ""item_sku"": 871452, ""variation_discounted_price"": ""366200"", ""variation_id"": 430485, ""variation_name"": """", ""item_id"": 415826, ""variation_quantity_purchased"": 1, ""variation_sku"": 210815, ""variation_original_price"": ""489900""}]",63380277,INVALID,0,"{""town"": """", ""city"": ""KOTA SAMARINDA"", ""name"": ""Random Person 9"", ""district"": ""District 9"", ""country"": ""ID"", ""zipcode"": 1242, ""full_address"": ""Address 9 at 1243"", ""phone"": ""12345-6789"", ""state"": ""KALIMANTAN TIMUR""}",shopee-order-id-9
False,1510282743,0,475719,,PAY_IPAY88,ID,506000,,JNE Reguler,3,IDR,1510061349,False,"[{""sku"": 7174, ""item_name"": ""Cetaphil Daily Lotion (400 ml)"", ""item_sku"": 247010, ""variation_discounted_price"": ""119000"", ""variation_id"": 150969, ""variation_name"": ""Cetaphil Daily Lotion (400 ml)"", ""item_id"": 286139, ""variation_quantity_purchased"": 4, ""variation_sku"": 863886, ""variation_original_price"": ""170000""}]",51476128,SHIPPED,38000,"{""town"": """", ""city"": ""KOTA SURABAYA"", ""name"": ""Random Person 10"", ""district"": ""District 10"", ""country"": ""ID"", ""zipcode"": 1243, ""full_address"": ""Address 10 at 1244"", ""phone"": ""12345-6789"", ""state"": ""JAWA TIMUR""}",shopee-order-id-10
False,1510222939,5000,148500,,PAY_IPAY88,ID,148500,,JNE Reguler,3,IDR,1510134323,False,"[{""sku"": 9082, ""item_name"": ""Cetaphil Oily Skin Cleanser 125ml"", ""item_sku"": 157248, ""variation_discounted_price"": ""143500"", ""variation_id"": 904815, ""variation_name"": """", ""item_id"": 746503, ""variation_quantity_purchased"": 1, ""variation_sku"": 308327, ""variation_original_price"": ""225000""}]",25959066,READY_TO_SHIP,0,"{""town"": """", ""city"": ""KAB. AGAM"", ""name"": ""Random Person 11"", ""district"": ""District 11"", ""country"": ""ID"", ""zipcode"": 1244, ""full_address"": ""Address 11 at 1245"", ""phone"": ""12345-6789"", ""state"": ""SUMATERA BARAT""}",shopee-order-id-11
False,1510237765,0,150000,,PAY_CYBERSOURCE,ID,159000,,JNE Reguler,3,IDR,1510106875,False,"[{""sku"": 1676, ""item_name"": ""Dermafleece Max Growth Premium - Serum Penumbuh Bulu Mata & Alis"", ""item_sku"": 255651, ""variation_discounted_price"": ""150000"", ""variation_id"": 850925, ""variation_name"": """", ""item_id"": 977423, ""variation_quantity_purchased"": 1, ""variation_sku"": 328069, ""variation_original_price"": ""150000""}]",32995386,COMPLETED,9000,"{""town"": """", ""city"": ""KOTA JAKARTA PUSAT"", ""name"": ""Random Person 12"", ""district"": ""District 12"", ""country"": ""ID"", ""zipcode"": 1245, ""full_address"": ""Address 12 at 1246"", ""phone"": ""12345-6789"", ""state"": ""DKI JAKARTA""}",shopee-order-id-12
False,1510280948,0,194750,,PAY_CYBERSOURCE,ID,208750,,JNE Reguler,3,IDR,1510101759,False,"[{""sku"": 6003, ""item_name"": ""Herbal Essences Color Me Happy Conditioner (300ml)"", ""item_sku"": 826195, ""variation_discounted_price"": ""97375"", ""variation_id"": 522328, ""variation_name"": """", ""item_id"": 627591, ""variation_quantity_purchased"": 1, ""variation_sku"": 467451, ""variation_original_price"": ""97375""}, {""sku"": 4968, ""item_name"": ""Herbal Essences Color Me Happy Shampoo (300ml)"", ""item_sku"": 416438, ""variation_discounted_price"": ""97375"", ""variation_id"": 247010, ""variation_name"": """", ""item_id"": 146981, ""variation_quantity_purchased"": 1, ""variation_sku"": 759061, ""variation_original_price"": ""97375""}]",68373695,SHIPPED,14000,"{""town"": """", ""city"": ""KAB. BANDUNG BARAT"", ""name"": ""Random Person 13"", ""district"": ""District 13"", ""country"": ""ID"", ""zipcode"": 1246, ""full_address"": ""Address 13 at 1247"", ""phone"": ""12345-6789"", ""state"": ""JAWA BARAT""}",shopee-order-id-13
False,1510280984,0,226900,,PAY_IPAY88,ID,245900,,JNE Reguler,3,IDR,1510099817,False,"[{""sku"": 6103, ""item_name"": ""OGX Biotin & Collagen Shampoo 385ml - Shampoo Menebalkan Rambut"", ""item_sku"": 188105, ""variation_discounted_price"": ""226900"", ""variation_id"": 916350, ""variation_name"": """", ""item_id"": 573789, ""variation_quantity_purchased"": 1, ""variation_sku"": 959603, ""variation_original_price"": ""226900""}]",57922307,SHIPPED,19000,"{""town"": """", ""city"": ""KOTA SURABAYA"", ""name"": ""Random Person 14"", ""district"": ""District 14"", ""country"": ""ID"", ""zipcode"": 1247, ""full_address"": ""Address 14 at 1248"", ""phone"": ""12345-6789"", ""state"": ""JAWA TIMUR""}",shopee-order-id-14
False,1510280998,65000,110000,,PAY_IPAY88,ID,110000,,JNE Reguler,3,IDR,1510126218,False,"[{""sku"": 6765, ""item_name"": ""Cottage Shower Gel 250ml - Sabun Mandi Shower Gel"", ""item_sku"": 542998, ""variation_discounted_price"": ""45000"", ""variation_id"": 181529, ""variation_name"": ""White Peach 250ml"", ""item_id"": 106634, ""variation_quantity_purchased"": 1, ""variation_sku"": 257077, ""variation_original_price"": ""45000""}]",98495587,SHIPPED,65000,"{""town"": """", ""city"": ""KAB. MAJENE"", ""name"": ""Random Person 15"", ""district"": ""District 15"", ""country"": ""ID"", ""zipcode"": 1248, ""full_address"": ""Address 15 at 1249"", ""phone"": ""12345-6789"", ""state"": ""SULAWESI BARAT""}",shopee-order-id-15
False,1510281506,0,143500,,PAY_SHOPEE_WALLET,ID,152500,,JNE Reguler,3,IDR,1510132381,False,"[{""sku"": 8132, ""item_name"": ""Cetaphil Oily Skin Cleanser 125ml"", ""item_sku"": 771641, ""variation_discounted_price"": ""143500"", ""variation_id"": 410039, ""variation_name"": """", ""item_id"": 996843, ""variation_quantity_purchased"": 1, ""variation_sku"": 937236, ""variation_original_price"": ""225000""}]",34345316,SHIPPED,9000,"{""town"": """", ""city"": ""KOTA JAKARTA UTARA"", ""name"": ""Random Person 16"", ""district"": ""District 16"", ""country"": ""ID"", ""zipcode"": 1249, ""full_address"": ""Address 16 at 1250"", ""phone"": ""12345-6789"", ""state"": ""DKI JAKARTA""}",shopee-order-id-16
False,1510281526,0,111700,,PAY_IPAY88,ID,120700,,JNE Reguler,3,IDR,1510136735,False,"[{""sku"": 5931, ""item_name"": ""Moko Moko Lip Honey Tint Marker Lip Tint  - Warna Pigmented Tahan Lama Lip Tint"", ""item_sku"": 527359, ""variation_discounted_price"": ""52100"", ""variation_id"": 285912, ""variation_name"": ""Neon Pink"", ""item_id"": 759954, ""variation_quantity_purchased"": 1, ""variation_sku"": 351322, ""variation_original_price"": ""79000""}, {""sku"": 6192, ""item_name"": ""Moko Moko Smooth Creamy Gel Eyeliner black - Warna Pigmented Tahan Lama Eyeliner"", ""item_sku"": 162126, ""variation_discounted_price"": ""59600"", ""variation_id"": 397734, ""variation_name"": """", ""item_id"": 360402, ""variation_quantity_purchased"": 1, ""variation_sku"": 934105, ""variation_original_price"": ""89000""}]",31929234,SHIPPED,9000,"{""town"": """", ""city"": ""KAB. BEKASI"", ""name"": ""Random Person 17"", ""district"": ""District 17"", ""country"": ""ID"", ""zipcode"": 1250, ""full_address"": ""Address 17 at 1251"", ""phone"": ""12345-6789"", ""state"": ""JAWA BARAT""}",shopee-order-id-17
False,1510281546,0,101800,,PAY_IPAY88,ID,134800,,JNE REG,3,IDR,1510141051,False,"[{""sku"": 9826, ""item_name"": ""Moko Moko Lip Honey Tint Marker Lip Tint  - Warna Pigmented Tahan Lama Lip Tint"", ""item_sku"": 657828, ""variation_discounted_price"": ""52100"", ""variation_id"": 609839, ""variation_name"": ""Fuschia"", ""item_id"": 422026, ""variation_quantity_purchased"": 1, ""variation_sku"": 940308, ""variation_original_price"": ""79000""}, {""sku"": 8583, ""item_name"": ""Moko Moko Sugar Lips Lipstick Satin Creamy - Lipstik"", ""item_sku"": 635046, ""variation_discounted_price"": ""49700"", ""variation_id"": 280742, ""variation_name"": ""Peach"", ""item_id"": 357224, ""variation_quantity_purchased"": 1, ""variation_sku"": 633200, ""variation_original_price"": ""79000""}]",57551316,SHIPPED,33000,"{""town"": """", ""city"": ""KOTA LUBUK LINGGAU"", ""name"": ""Random Person 18"", ""district"": ""District 18"", ""country"": ""ID"", ""zipcode"": 1251, ""full_address"": ""Address 18 at 1252"", ""phone"": ""12345-6789"", ""state"": ""SUMATERA SELATAN""}",shopee-order-id-18
False,1510281567,0,164050,,PAY_CYBERSOURCE,ID,173100,"Mohon barang segera dikirim, Pls Good Packing, cek kembali barang yg akan dikirim u/ menhindari brg rusak/reject. Terima Kasih",JNE REG,3,IDR,1510146693,False,"[{""sku"": 8841, ""item_name"": ""Moreish Exfoliator 75ml - Scrub Wajah Bahan Alami Mencerahkan Menghaluskan"", ""item_sku"": 220420, ""variation_discounted_price"": ""164100"", ""variation_id"": 564180, ""variation_name"": """", ""item_id"": 936866, ""variation_quantity_purchased"": 1, ""variation_sku"": 477820, ""variation_original_price"": ""220000""}]",10503717,SHIPPED,9000,"{""town"": """", ""city"": ""KOTA JAKARTA PUSAT"", ""name"": ""Random Person 19"", ""district"": ""District 19"", ""country"": ""ID"", ""zipcode"": 1252, ""full_address"": ""Address 19 at 1253"", ""phone"": ""12345-6789"", ""state"": ""DKI JAKARTA""}",shopee-order-id-19
False,1510281590,0,177546,,PAY_IPAY88,ID,208200,,JNE REG,3,IDR,1510148441,False,"[{""sku"": 1510, ""item_name"": ""Palmer's Massage Lotion for Stretch Marks (250ml) - Aman Untk Ibu Hamil Dan Menyusi"", ""item_sku"": 293853, ""variation_discounted_price"": ""178200"", ""variation_id"": 531565, ""variation_name"": """", ""item_id"": 911883, ""variation_quantity_purchased"": 1, ""variation_sku"": 406501, ""variation_original_price"": ""201538""}]",16500318,SHIPPED,30000,"{""town"": """", ""city"": ""KAB. TULUNGAGUNG"", ""name"": ""Random Person 20"", ""district"": ""District 20"", ""country"": ""ID"", ""zipcode"": 1253, ""full_address"": ""Address 20 at 1254"", ""phone"": ""12345-6789"", ""state"": ""JAWA TIMUR""}",shopee-order-id-20
False,1510281741,0,256912,,PAY_IPAY88,ID,286100,,JNE Reguler,3,IDR,1510127688,False,"[{""sku"": 9164, ""item_name"": ""Moko Moko Lip Honey Tint Marker Lip Tint  - Warna Pigmented Tahan Lama Lip Tint"", ""item_sku"": 682762, ""variation_discounted_price"": ""52100"", ""variation_id"": 619534, ""variation_name"": ""Fuschia"", ""item_id"": 746903, ""variation_quantity_purchased"": 1, ""variation_sku"": 638116, ""variation_original_price"": ""79000""}, {""sku"": 7195, ""item_name"": ""Moko Moko Lip Honey Tint Marker Lip Tint  - Warna Pigmented Tahan Lama Lip Tint"", ""item_sku"": 174117, ""variation_discounted_price"": ""52100"", ""variation_id"": 182296, ""variation_name"": ""Neon Pink"", ""item_id"": 243892, ""variation_quantity_purchased"": 1, ""variation_sku"": 211584, ""variation_original_price"": ""79000""}, {""sku"": 3482, ""item_name"": ""Moko Moko Lip Honey Tint Marker Lip Tint  - Warna Pigmented Tahan Lama Lip Tint"", ""item_sku"": 919913, ""variation_discounted_price"": ""52100"", ""variation_id"": 320708, ""variation_name"": ""Red"", ""item_id"": 161100, ""variation_quantity_purchased"": 1, ""variation_sku"": 339577, ""variation_original_price"": ""79000""}, {""sku"": 8393, ""item_name"": ""Moko Moko Lip Honey Tint Marker Lip Tint  - Warna Pigmented Tahan Lama Lip Tint"", ""item_sku"": 369602, ""variation_discounted_price"": ""52100"", ""variation_id"": 611488, ""variation_name"": ""Rich PInk"", ""item_id"": 857184, ""variation_quantity_purchased"": 1, ""variation_sku"": 561091, ""variation_original_price"": ""79000""}, {""sku"": 7281, ""item_name"": ""Moko Moko Sugar Lips Lipstick Satin Creamy - Lipstik"", ""item_sku"": 156471, ""variation_discounted_price"": ""49700"", ""variation_id"": 550782, ""variation_name"": ""Peach"", ""item_id"": 216530, ""variation_quantity_purchased"": 1, ""variation_sku"": 158101, ""variation_original_price"": ""79000""}]",37070153,SHIPPED,28000,"{""town"": """", ""city"": ""KOTA PEKANBARU"", ""name"": ""Random Person 21"", ""district"": ""District 21"", ""country"": ""ID"", ""zipcode"": 1254, ""full_address"": ""Address 21 at 1255"", ""phone"": ""12345-6789"", ""state"": ""RIAU""}",shopee-order-id-21
False,1510281623,0,130745,,PAY_SHOPEE_WALLET,ID,159000,,JNE REG,3,IDR,1510148711,False,"[{""sku"": 4347, ""item_name"": ""Cottage Moisturizing Body Milk 250ml  - Pelembab Tubuh Body Lotion"", ""item_sku"": 202799, ""variation_discounted_price"": ""85000"", ""variation_id"": 747621, ""variation_name"": ""Kiwi 250ml"", ""item_id"": 518200, ""variation_quantity_purchased"": 1, ""variation_sku"": 547136, ""variation_original_price"": ""85000""}, {""sku"": 5275, ""item_name"": ""Mizzu Eyeliner Pen Perfect Wear ( Brown )"", ""item_sku"": 661353, ""variation_discounted_price"": ""46000"", ""variation_id"": 885560, ""variation_name"": ""Mizzu Eyeliner Pen Perfect Wear ( Brown )"", ""item_id"": 589695, ""variation_quantity_purchased"": 1, ""variation_sku"": 283390, ""variation_original_price"": ""46000""}]",16851408,SHIPPED,28000,"{""town"": """", ""city"": ""KOTA BATAM"", ""name"": ""Random Person 22"", ""district"": ""District 22"", ""country"": ""ID"", ""zipcode"": 1255, ""full_address"": ""Address 22 at 1256"", ""phone"": ""12345-6789"", ""state"": ""KEPULAUAN RIAU""}",shopee-order-id-22
False,1510281778,36000,101150,,PAY_IPAY88,ID,101150,,JNE REG,3,IDR,1510152701,False,"[{""sku"": 1009, ""item_name"": ""Moko Moko Fair Melody BB Cream (#Natural)"", ""item_sku"": 627503, ""variation_discounted_price"": ""65150"", ""variation_id"": 279513, ""variation_name"": """", ""item_id"": 258558, ""variation_quantity_purchased"": 1, ""variation_sku"": 386202, ""variation_original_price"": ""75000""}]",65158243,SHIPPED,36000,"{""town"": """", ""city"": ""KAB. PASAMAN"", ""name"": ""Random Person 23"", ""district"": ""District 23"", ""country"": ""ID"", ""zipcode"": 1256, ""full_address"": ""Address 23 at 1257"", ""phone"": ""12345-6789"", ""state"": ""SUMATERA BARAT""}",shopee-order-id-23
False,1510207163,9000,52579,,PAY_IPAY88,ID,52579,Nomor : 03,JNE REG,3,IDR,1510206695,False,"[{""sku"": 2260, ""item_name"": ""Wardah Longlasting Lipstick 08 Red Velvet - Liptick Matte"", ""item_sku"": 860188, ""variation_discounted_price"": ""43579"", ""variation_id"": 213662, ""variation_name"": """", ""item_id"": 110548, ""variation_quantity_purchased"": 1, ""variation_sku"": 263264, ""variation_original_price"": ""66000""}]",18298210,INVALID,0,"{""town"": """", ""city"": ""KOTA DEPOK"", ""name"": ""Random Person 24"", ""district"": ""District 24"", ""country"": ""ID"", ""zipcode"": 1257, ""full_address"": ""Address 24 at 1258"", ""phone"": ""12345-6789"", ""state"": ""JAWA BARAT""}",shopee-order-id-24
False,1510207599,9000,55000,,PAY_IPAY88,ID,55000,,JNE REG,3,IDR,1510207594,False,"[{""sku"": 8848, ""item_name"": ""Wardah Longlasting Lipstick - Simply Brown (03)"", ""item_sku"": 870768, ""variation_discounted_price"": ""46000"", ""variation_id"": 838371, ""variation_name"": ""Wardah Longlasting Lipstick - Simply Brown (03)"", ""item_id"": 869689, ""variation_quantity_purchased"": 1, ""variation_sku"": 230539, ""variation_original_price"": ""46000""}]",40258219,UNPAID,0,"{""town"": """", ""city"": ""KOTA DEPOK"", ""name"": ""Random Person 25"", ""district"": ""District 25"", ""country"": ""ID"", ""zipcode"": 1258, ""full_address"": ""Address 25 at 1259"", ""phone"": ""12345-6789"", ""state"": ""JAWA BARAT""}",shopee-order-id-25
False,1510208659,64000,244000,,PAY_BANK_TRANSFER,ID,244000,,JNE REG,3,IDR,1510208654,False,"[{""sku"": 1915, ""item_name"": ""Cottage Shower Gel 250ml - Sabun Mandi Shower Gel"", ""item_sku"": 538473, ""variation_discounted_price"": ""45000"", ""variation_id"": 207261, ""variation_name"": ""Caramel 250ml"", ""item_id"": 333866, ""variation_quantity_purchased"": 1, ""variation_sku"": 100288, ""variation_original_price"": ""45000""}, {""sku"": 9034, ""item_name"": ""Cottage Shower Gel 250ml - Sabun Mandi Shower Gel"", ""item_sku"": 743668, ""variation_discounted_price"": ""45000"", ""variation_id"": 330203, ""variation_name"": ""Green Tea 250ml"", ""item_id"": 780636, ""variation_quantity_purchased"": 1, ""variation_sku"": 761210, ""variation_original_price"": ""45000""}, {""sku"": 6478, ""item_name"": ""Cottage Shower Gel 250ml - Sabun Mandi Shower Gel"", ""item_sku"": 908670, ""variation_discounted_price"": ""45000"", ""variation_id"": 161477, ""variation_name"": ""Vanilla 250ml"", ""item_id"": 648187, ""variation_quantity_purchased"": 2, ""variation_sku"": 549121, ""variation_original_price"": ""45000""}]",81014818,UNPAID,0,"{""town"": """", ""city"": ""KAB. MAMUJU UTARA"", ""name"": ""Random Person 26"", ""district"": ""District 26"", ""country"": ""ID"", ""zipcode"": 1259, ""full_address"": ""Address 26 at 1260"", ""phone"": ""12345-6789"", ""state"": ""SULAWESI BARAT""}",shopee-order-id-26
False,1510211478,0,147700,,PAY_IPAY88,ID,147700,,JNE REG,3,IDR,1510203211,False,"[{""sku"": 9769, ""item_name"": ""COSRX Natural BHA Skin Returning A-Sol"", ""item_sku"": 848251, ""variation_discounted_price"": ""147700"", ""variation_id"": 959286, ""variation_name"": ""COSRX Natural BHA Sk"", ""item_id"": 133426, ""variation_quantity_purchased"": 1, ""variation_sku"": 979698, ""variation_original_price"": ""295400""}]",15359217,READY_TO_SHIP,0,"{""town"": """", ""city"": ""KOTA PONTIANAK"", ""name"": ""Random Person 27"", ""district"": ""District 27"", ""country"": ""ID"", ""zipcode"": 1260, ""full_address"": ""Address 27 at 1261"", ""phone"": ""12345-6789"", ""state"": ""KALIMANTAN BARAT""}",shopee-order-id-27
False,1510217955,4000,130516,,PAY_IPAY88,ID,144100,,JNE REG,3,IDR,1510217950,False,"[{""sku"": 1413, ""item_name"": ""Cottage Shower Lotion 200ml - Body Lotion"", ""item_sku"": 419037, ""variation_discounted_price"": ""88000"", ""variation_id"": 421449, ""variation_name"": ""Strawberry 200ml"", ""item_id"": 184131, ""variation_quantity_purchased"": 1, ""variation_sku"": 465218, ""variation_original_price"": ""88000""}, {""sku"": 4016, ""item_name"": ""Moko Moko Lip Honey Tint Marker Lip Tint  - Warna Pigmented Tahan Lama Lip Tint"", ""item_sku"": 985746, ""variation_discounted_price"": ""52100"", ""variation_id"": 963191, ""variation_name"": ""Fuschia"", ""item_id"": 318300, ""variation_quantity_purchased"": 1, ""variation_sku"": 121061, ""variation_original_price"": ""79000""}]",97801425,UNPAID,0,"{""town"": """", ""city"": ""KOTA PALU"", ""name"": ""Random Person 28"", ""district"": ""District 28"", ""country"": ""ID"", ""zipcode"": 1261, ""full_address"": ""Address 28 at 1262"", ""phone"": ""12345-6789"", ""state"": ""SULAWESI TENGAH""}",shopee-order-id-28
False,1510218540,0,204300,,PAY_IPAY88,ID,204300,,JNE REG,3,IDR,1510218535,False,"[{""sku"": 2993, ""item_name"": ""Re-gen Serum 50ml - Mencerahkan Wajah Melembutkan Mengencangkan Kulit Wajah"", ""item_sku"": 154663, ""variation_discounted_price"": ""165800"", ""variation_id"": 985350, ""variation_name"": """", ""item_id"": 291525, ""variation_quantity_purchased"": 1, ""variation_sku"": 258424, ""variation_original_price"": ""218125""}, {""sku"": 2317, ""item_name"": ""Hada Labo Gokujyun Alfa Starter Pack - Paket Anti Aging Harian"", ""item_sku"": 167809, ""variation_discounted_price"": ""38500"", ""variation_id"": 639979, ""variation_name"": """", ""item_id"": 409537, ""variation_quantity_purchased"": 1, ""variation_sku"": 117991, ""variation_original_price"": ""50000""}]",64071518,UNPAID,0,"{""town"": """", ""city"": ""KOTA PEKANBARU"", ""name"": ""Random Person 29"", ""district"": ""District 29"", ""country"": ""ID"", ""zipcode"": 1262, ""full_address"": ""Address 29 at 1263"", ""phone"": ""12345-6789"", ""state"": ""RIAU""}",shopee-order-id-29
False,1510221909,0,176655,,PAY_BANK_TRANSFER,ID,178200,,JNE REG,3,IDR,1510219418,False,"[{""sku"": 8658, ""item_name"": ""CANMAKE Strong Eyes Liner 01"", ""item_sku"": 417816, ""variation_discounted_price"": ""178200"", ""variation_id"": 965601, ""variation_name"": ""CANMAKE Strong Eyes Liner 01"", ""item_id"": 930647, ""variation_quantity_purchased"": 1, ""variation_sku"": 428105, ""variation_original_price"": ""198000""}]",34137624,READY_TO_SHIP,0,"{""town"": """", ""city"": ""KOTA MAKASSAR"", ""name"": ""Random Person 30"", ""district"": ""District 30"", ""country"": ""ID"", ""zipcode"": 1263, ""full_address"": ""Address 30 at 1264"", ""phone"": ""12345-6789"", ""state"": ""SULAWESI SELATAN""}",shopee-order-id-30
False,1510281644,0,127809,,PAY_CYBERSOURCE,ID,196000,,JNE REG,3,IDR,1510154859,False,"[{""sku"": 9106, ""item_name"": ""Germanium High Waist Pants Beige - Korset Pengecil Paha"", ""item_sku"": 197400, ""variation_discounted_price"": ""156000"", ""variation_id"": 380966, ""variation_name"": """", ""item_id"": 243417, ""variation_quantity_purchased"": 1, ""variation_sku"": 247479, ""variation_original_price"": ""240000""}]",28600815,SHIPPED,50000,"{""town"": """", ""city"": ""KOTA TEBING TINGGI"", ""name"": ""Random Person 31"", ""district"": ""District 31"", ""country"": ""ID"", ""zipcode"": 1264, ""full_address"": ""Address 31 at 1265"", ""phone"": ""12345-6789"", ""state"": ""SUMATERA UTARA""}",shopee-order-id-31
False,1510281718,9000,64000,,PAY_SHOPEE_WALLET,ID,64000,,JNE REG,3,IDR,1510161310,False,"[{""sku"": 5155, ""item_name"": ""Perfect Beauty PerfectBlender Beauty Blender - Spons Make Up Beauty Blender"", ""item_sku"": 900316, ""variation_discounted_price"": ""55000"", ""variation_id"": 463835, ""variation_name"": ""Pink"", ""item_id"": 175947, ""variation_quantity_purchased"": 1, ""variation_sku"": 964464, ""variation_original_price"": ""80000""}]",46607791,SHIPPED,9000,"{""town"": """", ""city"": ""KOTA TANGERANG SELATAN"", ""name"": ""Random Person 32"", ""district"": ""District 32"", ""country"": ""ID"", ""zipcode"": 1265, ""full_address"": ""Address 32 at 1266"", ""phone"": ""12345-6789"", ""state"": ""BANTEN""}",shopee-order-id-32
False,1510288089,0,130300,,PAY_IPAY88,ID,130300,,JNE REG,3,IDR,1510194901,False,"[{""sku"": 6256, ""item_name"": ""Moko Moko Fair Melody BB Cream (#Fair)"", ""item_sku"": 303763, ""variation_discounted_price"": ""65150"", ""variation_id"": 623932, ""variation_name"": """", ""item_id"": 149766, ""variation_quantity_purchased"": 2, ""variation_sku"": 489077, ""variation_original_price"": ""75000""}]",59531136,READY_TO_SHIP,0,"{""town"": """", ""city"": ""KOTA JAKARTA TIMUR"", ""name"": ""Random Person 33"", ""district"": ""District 33"", ""country"": ""ID"", ""zipcode"": 1266, ""full_address"": ""Address 33 at 1267"", ""phone"": ""12345-6789"", ""state"": ""DKI JAKARTA""}",shopee-order-id-33
False,1510281756,0,348753,,PAY_IPAY88,ID,375200,,JNE REG,3,IDR,1510196271,False,"[{""sku"": 7857, ""item_name"": ""Hollywood Diet 48 Hour Miracle Diet 947ml - Jus Pelangsing Badan"", ""item_sku"": 257444, ""variation_discounted_price"": ""366200"", ""variation_id"": 591179, ""variation_name"": """", ""item_id"": 366981, ""variation_quantity_purchased"": 1, ""variation_sku"": 721828, ""variation_original_price"": ""489900""}]",91147346,SHIPPED,9000,"{""town"": """", ""city"": ""KOTA TANGERANG SELATAN"", ""name"": ""Random Person 34"", ""district"": ""District 34"", ""country"": ""ID"", ""zipcode"": 1267, ""full_address"": ""Address 34 at 1268"", ""phone"": ""12345-6789"", ""state"": ""BANTEN""}",shopee-order-id-34
False,1510281816,0,219800,,PAY_BANK_TRANSFER,ID,238800,,JNE REG,3,IDR,1510199575,False,"[{""sku"": 2959, ""item_name"": ""Cetaphil Gentle Skin Cleanser 125ml"", ""item_sku"": 242123, ""variation_discounted_price"": ""76300"", ""variation_id"": 600413, ""variation_name"": """", ""item_id"": 221989, ""variation_quantity_purchased"": 1, ""variation_sku"": 707759, ""variation_original_price"": ""129000""}, {""sku"": 6614, ""item_name"": ""Cetaphil Oily Skin Cleanser 125ml"", ""item_sku"": 219027, ""variation_discounted_price"": ""143500"", ""variation_id"": 178645, ""variation_name"": """", ""item_id"": 699982, ""variation_quantity_purchased"": 1, ""variation_sku"": 890270, ""variation_original_price"": ""225000""}]",13624164,SHIPPED,19000,"{""town"": """", ""city"": ""KOTA BANDAR LAMPUNG"", ""name"": ""Random Person 35"", ""district"": ""District 35"", ""country"": ""ID"", ""zipcode"": 1268, ""full_address"": ""Address 35 at 1269"", ""phone"": ""12345-6789"", ""state"": ""LAMPUNG""}",shopee-order-id-35
False,1510281798,0,143500,,PAY_CYBERSOURCE,ID,152500,tolong di packing yg rapi,JNE REG,3,IDR,1510199827,False,"[{""sku"": 9380, ""item_name"": ""Cetaphil Oily Skin Cleanser 125ml"", ""item_sku"": 500715, ""variation_discounted_price"": ""143500"", ""variation_id"": 911782, ""variation_name"": """", ""item_id"": 204053, ""variation_quantity_purchased"": 1, ""variation_sku"": 530998, ""variation_original_price"": ""225000""}]",67470707,SHIPPED,9000,"{""town"": """", ""city"": ""KOTA JAKARTA BARAT"", ""name"": ""Random Person 36"", ""district"": ""District 36"", ""country"": ""ID"", ""zipcode"": 1269, ""full_address"": ""Address 36 at 1270"", ""phone"": ""12345-6789"", ""state"": ""DKI JAKARTA""}",shopee-order-id-36
False,1510281847,0,165800,,PAY_IPAY88,ID,184800,,JNE REG,3,IDR,1510202100,False,"[{""sku"": 5588, ""item_name"": ""Re-gen Serum 50ml - Mencerahkan Wajah Melembutkan Mengencangkan Kulit Wajah"", ""item_sku"": 702343, ""variation_discounted_price"": ""165800"", ""variation_id"": 644977, ""variation_name"": """", ""item_id"": 973167, ""variation_quantity_purchased"": 1, ""variation_sku"": 866215, ""variation_original_price"": ""218125""}]",41777723,SHIPPED,19000,"{""town"": """", ""city"": ""KOTA SURABAYA"", ""name"": ""Random Person 37"", ""district"": ""District 37"", ""country"": ""ID"", ""zipcode"": 1270, ""full_address"": ""Address 37 at 1271"", ""phone"": ""12345-6789"", ""state"": ""JAWA TIMUR""}",shopee-order-id-37
False,1510281869,0,129100,,PAY_IPAY88,ID,148100,,JNE REG,3,IDR,1510210616,False,"[{""sku"": 8824, ""item_name"": ""Biolane Pure H2O - Pembersih Wajah"", ""item_sku"": 479841, ""variation_discounted_price"": ""129100"", ""variation_id"": 856593, ""variation_name"": """", ""item_id"": 170037, ""variation_quantity_purchased"": 1, ""variation_sku"": 114035, ""variation_original_price"": ""151899""}]",77347443,SHIPPED,19000,"{""town"": """", ""city"": ""KOTA SURABAYA"", ""name"": ""Random Person 38"", ""district"": ""District 38"", ""country"": ""ID"", ""zipcode"": 1271, ""full_address"": ""Address 38 at 1272"", ""phone"": ""12345-6789"", ""state"": ""JAWA TIMUR""}",shopee-order-id-38
False,1510281907,0,100000,,PAY_IPAY88,ID,109000,,JNE REG,3,IDR,1510213466,False,"[{""sku"": 3108, ""item_name"": ""Cottage Shower Gel 250ml - Sabun Mandi Shower Gel"", ""item_sku"": 776331, ""variation_discounted_price"": ""45000"", ""variation_id"": 619298, ""variation_name"": ""Marshmallow Flower"", ""item_id"": 383955, ""variation_quantity_purchased"": 1, ""variation_sku"": 990869, ""variation_original_price"": ""45000""}, {""sku"": 6646, ""item_name"": ""Cottage Repair Hand Cream 50ml - Hand Lotion"", ""item_sku"": 750004, ""variation_discounted_price"": ""55000"", ""variation_id"": 955453, ""variation_name"": ""Vanilla 50ml"", ""item_id"": 174157, ""variation_quantity_purchased"": 1, ""variation_sku"": 257231, ""variation_original_price"": ""55000""}]",18963688,SHIPPED,9000,"{""town"": """", ""city"": ""KOTA JAKARTA PUSAT"", ""name"": ""Random Person 39"", ""district"": ""District 39"", ""country"": ""ID"", ""zipcode"": 1272, ""full_address"": ""Address 39 at 1273"", ""phone"": ""12345-6789"", ""state"": ""DKI JAKARTA""}",shopee-order-id-39
False,1510224785,0,127600,,PAY_IPAY88,ID,147600,,JNE REG,3,IDR,1510217359,False,"[{""sku"": 7982, ""item_name"": ""Redwin Sorbolene Body Wash 500ml - Dengan Vitamin E Halal Sabun Mandi"", ""item_sku"": 180140, ""variation_discounted_price"": ""147600"", ""variation_id"": 191395, ""variation_name"": """", ""item_id"": 556160, ""variation_quantity_purchased"": 1, ""variation_sku"": 616954, ""variation_original_price"": ""165000""}]",73549583,READY_TO_SHIP,0,"{""town"": """", ""city"": ""KOTA BANDUNG"", ""name"": ""Random Person 40"", ""district"": ""District 40"", ""country"": ""ID"", ""zipcode"": 1273, ""full_address"": ""Address 40 at 1274"", ""phone"": ""12345-6789"", ""state"": ""JAWA BARAT""}",shopee-order-id-40
False,1510220728,0,366088,,PAY_IPAY88,ID,366200,,JNE REG,3,IDR,1510220723,False,"[{""sku"": 8741, ""item_name"": ""Hollywood Diet 48 Hour Miracle Diet 947ml - Jus Pelangsing Badan"", ""item_sku"": 834365, ""variation_discounted_price"": ""366200"", ""variation_id"": 407746, ""variation_name"": """", ""item_id"": 301694, ""variation_quantity_purchased"": 1, ""variation_sku"": 318649, ""variation_original_price"": ""489900""}]",91337523,UNPAID,0,"{""town"": """", ""city"": ""KOTA BATU"", ""name"": ""Random Person 41"", ""district"": ""District 41"", ""country"": ""ID"", ""zipcode"": 1274, ""full_address"": ""Address 41 at 1275"", ""phone"": ""12345-6789"", ""state"": ""JAWA TIMUR""}",shopee-order-id-41
False,1510223892,0,119000,,PAY_IPAY88,ID,119000,,JNE REG,3,IDR,1510221786,False,"[{""sku"": 7455, ""item_name"": ""Cetaphil Daily Lotion (400 ml)"", ""item_sku"": 407659, ""variation_discounted_price"": ""119000"", ""variation_id"": 777069, ""variation_name"": ""Cetaphil Daily Lotion (400 ml)"", ""item_id"": 994012, ""variation_quantity_purchased"": 1, ""variation_sku"": 895136, ""variation_original_price"": ""170000""}]",15520628,READY_TO_SHIP,0,"{""town"": """", ""city"": ""KOTA SURABAYA"", ""name"": ""Random Person 42"", ""district"": ""District 42"", ""country"": ""ID"", ""zipcode"": 1275, ""full_address"": ""Address 42 at 1276"", ""phone"": ""12345-6789"", ""state"": ""JAWA TIMUR""}",shopee-order-id-42
False,1510225248,0,142278,,PAY_SHOPEE_WALLET,ID,143500,,JNE REG,3,IDR,1510225232,False,"[{""sku"": 4475, ""item_name"": ""Cetaphil Oily Skin Cleanser 125ml"", ""item_sku"": 363838, ""variation_discounted_price"": ""143500"", ""variation_id"": 329480, ""variation_name"": """", ""item_id"": 172778, ""variation_quantity_purchased"": 1, ""variation_sku"": 449726, ""variation_original_price"": ""225000""}]",24808903,READY_TO_SHIP,0,"{""town"": """", ""city"": ""KOTA JAKARTA PUSAT"", ""name"": ""Random Person 43"", ""district"": ""District 43"", ""country"": ""ID"", ""zipcode"": 1276, ""full_address"": ""Address 43 at 1277"", ""phone"": ""12345-6789"", ""state"": ""DKI JAKARTA""}",shopee-order-id-43
False,1510230705,0,231000,,PAY_IPAY88,ID,231000,,JNE REG,3,IDR,1510230649,False,"[{""sku"": 7895, ""item_name"": ""Cetaphil Ultra Moisturising Bath & Wash (230 ml)"", ""item_sku"": 603113, ""variation_discounted_price"": ""77000"", ""variation_id"": 162883, ""variation_name"": ""Cetaphil Ultra Moisturising Bath & Wash (230 ml)"", ""item_id"": 675344, ""variation_quantity_purchased"": 3, ""variation_sku"": 772606, ""variation_original_price"": ""110000""}]",77369570,READY_TO_SHIP,0,"{""town"": """", ""city"": ""KOTA JAKARTA TIMUR"", ""name"": ""Random Person 44"", ""district"": ""District 44"", ""country"": ""ID"", ""zipcode"": 1277, ""full_address"": ""Address 44 at 1278"", ""phone"": ""12345-6789"", ""state"": ""DKI JAKARTA""}",shopee-order-id-44
False,1510236269,0,143500,,PAY_BANK_TRANSFER,ID,143500,,JNE REG,3,IDR,1510232605,False,"[{""sku"": 6690, ""item_name"": ""Cetaphil Oily Skin Cleanser 125ml"", ""item_sku"": 922641, ""variation_discounted_price"": ""143500"", ""variation_id"": 731686, ""variation_name"": """", ""item_id"": 761520, ""variation_quantity_purchased"": 1, ""variation_sku"": 144046, ""variation_original_price"": ""225000""}]",22256966,READY_TO_SHIP,0,"{""town"": """", ""city"": ""KAB. SUBANG"", ""name"": ""Random Person 45"", ""district"": ""District 45"", ""country"": ""ID"", ""zipcode"": 1278, ""full_address"": ""Address 45 at 1279"", ""phone"": ""12345-6789"", ""state"": ""JAWA BARAT""}",shopee-order-id-45
False,1510238556,0,160000,,PAY_IPAY88,ID,160000,,JNE REG,3,IDR,1510238425,False,"[{""sku"": 4435, ""item_name"": ""Cottage Moisturizing Body Milk 250ml  - Pelembab Tubuh Body Lotion"", ""item_sku"": 499208, ""variation_discounted_price"": ""85000"", ""variation_id"": 704597, ""variation_name"": ""Ocean Blossom 250ml"", ""item_id"": 439280, ""variation_quantity_purchased"": 1, ""variation_sku"": 893527, ""variation_original_price"": ""85000""}, {""sku"": 6565, ""item_name"": ""Cottage Shea Butter Precious Oil Shower 560ml"", ""item_sku"": 877443, ""variation_discounted_price"": ""75000"", ""variation_id"": 381354, ""variation_name"": ""Cottage Shea Butter Precious Oil Shower 560ml"", ""item_id"": 171943, ""variation_quantity_purchased"": 1, ""variation_sku"": 676566, ""variation_original_price"": ""75000""}]",26303724,INVALID,0,"{""town"": """", ""city"": ""KOTA BANDA ACEH"", ""name"": ""Random Person 46"", ""district"": ""District 46"", ""country"": ""ID"", ""zipcode"": 1279, ""full_address"": ""Address 46 at 1280"", ""phone"": ""12345-6789"", ""state"": ""NANGGROE ACEH DARUSSALAM (NAD)""}",shopee-order-id-46
False,1510239272,0,160000,,PAY_IPAY88,ID,160000,,JNE REG,3,IDR,1510239186,False,"[{""sku"": 6774, ""item_name"": ""Cottage Moisturizing Body Milk 250ml  - Pelembab Tubuh Body Lotion"", ""item_sku"": 269934, ""variation_discounted_price"": ""85000"", ""variation_id"": 678373, ""variation_name"": ""Ocean Blossom 250ml"", ""item_id"": 639749, ""variation_quantity_purchased"": 1, ""variation_sku"": 431538, ""variation_original_price"": ""85000""}, {""sku"": 7137, ""item_name"": ""Cottage Precious Oil Shower Gel Monoi 560ml"", ""item_sku"": 573918, ""variation_discounted_price"": ""75000"", ""variation_id"": 543752, ""variation_name"": ""Cottage Precious Oil Shower Gel Monoi 560ml"", ""item_id"": 396365, ""variation_quantity_purchased"": 1, ""variation_sku"": 944565, ""variation_original_price"": ""75000""}]",17101356,INVALID,0,"{""town"": """", ""city"": ""KOTA BANDA ACEH"", ""name"": ""Random Person 47"", ""district"": ""District 47"", ""country"": ""ID"", ""zipcode"": 1280, ""full_address"": ""Address 47 at 1281"", ""phone"": ""12345-6789"", ""state"": ""NANGGROE ACEH DARUSSALAM (NAD)""}",shopee-order-id-47
False,1510245402,0,143500,,PAY_IPAY88,ID,143500,,JNE REG,3,IDR,1510245397,False,"[{""sku"": 2374, ""item_name"": ""Cetaphil Oily Skin Cleanser 125ml"", ""item_sku"": 338369, ""variation_discounted_price"": ""143500"", ""variation_id"": 313000, ""variation_name"": """", ""item_id"": 638155, ""variation_quantity_purchased"": 1, ""variation_sku"": 341830, ""variation_original_price"": ""225000""}]",77144436,UNPAID,0,"{""town"": """", ""city"": ""KAB. INDRAMAYU"", ""name"": ""Random Person 48"", ""district"": ""District 48"", ""country"": ""ID"", ""zipcode"": 1281, ""full_address"": ""Address 48 at 1282"", ""phone"": ""12345-6789"", ""state"": ""JAWA BARAT""}",shopee-order-id-48
False,1510247282,0,78675,,PAY_CYBERSOURCE,ID,119000,,JNE REG,3,IDR,1510247215,False,"[{""sku"": 7861, ""item_name"": ""Cetaphil Daily Lotion (400 ml)"", ""item_sku"": 939288, ""variation_discounted_price"": ""119000"", ""variation_id"": 540166, ""variation_name"": ""Cetaphil Daily Lotion (400 ml)"", ""item_id"": 268421, ""variation_quantity_purchased"": 1, ""variation_sku"": 688460, ""variation_original_price"": ""170000""}]",61836807,READY_TO_SHIP,0,"{""town"": """", ""city"": ""KOTA JAKARTA UTARA"", ""name"": ""Random Person 49"", ""district"": ""District 49"", ""country"": ""ID"", ""zipcode"": 1282, ""full_address"": ""Address 49 at 1283"", ""phone"": ""12345-6789"", ""state"": ""DKI JAKARTA""}",shopee-order-id-49
False,1510270227,9000,81000,,PAY_IPAY88,ID,81000,,JNE REG,3,IDR,1510270165,False,"[{""sku"": 1096, ""item_name"": ""Cottage Shower Gel 50ml Mini Paket (Isi 6 pcs) - Sabun Mandi Prancis Harum Kulit Halus Shower Gel"", ""item_sku"": 227110, ""variation_discounted_price"": ""72000"", ""variation_id"": 979804, ""variation_name"": """", ""item_id"": 455230, ""variation_quantity_purchased"": 1, ""variation_sku"": 201561, ""variation_original_price"": ""120000""}]",43541206,READY_TO_SHIP,0,"{""town"": """", ""city"": ""KAB. BEKASI"", ""name"": ""Random Person 50"", ""district"": ""District 50"", ""country"": ""ID"", ""zipcode"": 1283, ""full_address"": ""Address 50 at 1284"", ""phone"": ""12345-6789"", ""state"": ""JAWA BARAT""}",shopee-order-id-50
False,1510270227,9000,81000,,PAY_IPAY88,ID,81000,,JNE REG,3,IDR,1510270165,False,"[{""sku"": 8998, ""item_name"": ""Cottage Shower Gel 50ml Mini Paket (Isi 6 pcs) - Sabun Mandi Prancis Harum Kulit Halus Shower Gel"", ""item_sku"": 395734, ""variation_discounted_price"": ""72000"", ""variation_id"": 648302, ""variation_name"": """", ""item_id"": 112658, ""variation_quantity_purchased"": 1, ""variation_sku"": 156332, ""variation_original_price"": ""120000""}]",21215552,READY_TO_SHIP,0,"{""town"": """", ""city"": ""KAB. BEKASI"", ""name"": ""Random Person 51"", ""district"": ""District 51"", ""country"": ""ID"", ""zipcode"": 1284, ""full_address"": ""Address 51 at 1285"", ""phone"": ""12345-6789"", ""state"": ""JAWA BARAT""}",shopee-order-id-51
False,1510271241,0,129189,,PAY_IPAY88,ID,143500,,JNE REG,3,IDR,1510271236,False,"[{""sku"": 1024, ""item_name"": ""Cetaphil Oily Skin Cleanser 125ml"", ""item_sku"": 604788, ""variation_discounted_price"": ""143500"", ""variation_id"": 428880, ""variation_name"": """", ""item_id"": 966424, ""variation_quantity_purchased"": 1, ""variation_sku"": 270900, ""variation_original_price"": ""225000""}]",78003701,UNPAID,0,"{""town"": """", ""city"": ""KOTA PALEMBANG"", ""name"": ""Random Person 52"", ""district"": ""District 52"", ""country"": ""ID"", ""zipcode"": 1285, ""full_address"": ""Address 52 at 1286"", ""phone"": ""12345-6789"", ""state"": ""SUMATERA SELATAN""}",shopee-order-id-52
False,1510271614,9000,61100,,PAY_IPAY88,ID,61100,,JNE REG,3,IDR,1510271609,False,"[{""sku"": 5960, ""item_name"": ""Moko Moko Lip Honey Tint Marker Lip Tint  - Warna Pigmented Tahan Lama Lip Tint"", ""item_sku"": 609038, ""variation_discounted_price"": ""52100"", ""variation_id"": 235191, ""variation_name"": ""Neon Pink"", ""item_id"": 444718, ""variation_quantity_purchased"": 1, ""variation_sku"": 776119, ""variation_original_price"": ""79000""}]",15642477,UNPAID,0,"{""town"": """", ""city"": ""KOTA TANGERANG"", ""name"": ""Random Person 53"", ""district"": ""District 53"", ""country"": ""ID"", ""zipcode"": 1286, ""full_address"": ""Address 53 at 1287"", ""phone"": ""12345-6789"", ""state"": ""BANTEN""}",shopee-order-id-53
False,1510280931,0,160000,,PAY_IPAY88,ID,160000,,JNE REG,3,IDR,1510241331,False,"[{""sku"": 2033, ""item_name"": ""Cottage Moisturizing Body Milk 250ml  - Pelembab Tubuh Body Lotion"", ""item_sku"": 968349, ""variation_discounted_price"": ""85000"", ""variation_id"": 167320, ""variation_name"": ""Ocean Blossom 250ml"", ""item_id"": 845724, ""variation_quantity_purchased"": 1, ""variation_sku"": 547367, ""variation_original_price"": ""85000""}, {""sku"": 8170, ""item_name"": ""Cottage Precious Oil Shower Gel Monoi 560ml"", ""item_sku"": 476275, ""variation_discounted_price"": ""75000"", ""variation_id"": 221237, ""variation_name"": ""Cottage Precious Oil Shower Gel Monoi 560ml"", ""item_id"": 195289, ""variation_quantity_purchased"": 1, ""variation_sku"": 836311, ""variation_original_price"": ""75000""}]",65569779,READY_TO_SHIP,0,"{""town"": """", ""city"": ""KOTA BANDA ACEH"", ""name"": ""Random Person 54"", ""district"": ""District 54"", ""country"": ""ID"", ""zipcode"": 1287, ""full_address"": ""Address 54 at 1288"", ""phone"": ""12345-6789"", ""state"": ""NANGGROE ACEH DARUSSALAM (NAD)""}",shopee-order-id-54
False,1510281380,0,143500,,PAY_IPAY88,ID,143500,,JNE REG,3,IDR,1510281320,False,"[{""sku"": 3157, ""item_name"": ""Cetaphil Oily Skin Cleanser 125ml"", ""item_sku"": 761791, ""variation_discounted_price"": ""143500"", ""variation_id"": 958198, ""variation_name"": """", ""item_id"": 814544, ""variation_quantity_purchased"": 1, ""variation_sku"": 392573, ""variation_original_price"": ""225000""}]",97624053,READY_TO_SHIP,0,"{""town"": """", ""city"": ""KOTA DEPOK"", ""name"": ""Random Person 55"", ""district"": ""District 55"", ""country"": ""ID"", ""zipcode"": 1288, ""full_address"": ""Address 55 at 1289"", ""phone"": ""12345-6789"", ""state"": ""JAWA BARAT""}",shopee-order-id-55
False,1510282027,0,176778,,PAY_IPAY88,ID,190000,,JNE REG,3,IDR,1510282022,False,"[{""sku"": 6665, ""item_name"": ""Perfect Beauty PerfectBlender Beauty Blender - Spons Make Up Beauty Blender"", ""item_sku"": 601777, ""variation_discounted_price"": ""55000"", ""variation_id"": 500295, ""variation_name"": ""Green"", ""item_id"": 961041, ""variation_quantity_purchased"": 1, ""variation_sku"": 686835, ""variation_original_price"": ""80000""}, {""sku"": 2095, ""item_name"": ""Make Over Camouflage Cream Face Concealer"", ""item_sku"": 161503, ""variation_discounted_price"": ""135000"", ""variation_id"": 803589, ""variation_name"": ""Make Over Camouflage Cream Face Concealer"", ""item_id"": 188057, ""variation_quantity_purchased"": 1, ""variation_sku"": 643104, ""variation_original_price"": ""135000""}]",19075002,UNPAID,0,"{""town"": """", ""city"": ""KAB. BANDUNG"", ""name"": ""Random Person 56"", ""district"": ""District 56"", ""country"": ""ID"", ""zipcode"": 1289, ""full_address"": ""Address 56 at 1290"", ""phone"": ""12345-6789"", ""state"": ""JAWA BARAT""}",shopee-order-id-56
False,1510284061,9000,64900,,PAY_IPAY88,ID,64900,,JNE REG,3,IDR,1510283929,False,"[{""sku"": 2213, ""item_name"": ""Masami Shouko 307 Flat Definer Brush"", ""item_sku"": 930556, ""variation_discounted_price"": ""55900"", ""variation_id"": 751960, ""variation_name"": ""Masami Shouko 307 Flat Definer Brush"", ""item_id"": 382489, ""variation_quantity_purchased"": 1, ""variation_sku"": 463859, ""variation_original_price"": ""55900""}]",85480854,READY_TO_SHIP,0,"{""town"": """", ""city"": ""KAB. BEKASI"", ""name"": ""Random Person 57"", ""district"": ""District 57"", ""country"": ""ID"", ""zipcode"": 1290, ""full_address"": ""Address 57 at 1291"", ""phone"": ""12345-6789"", ""state"": ""JAWA BARAT""}",shopee-order-id-57
False,1510284128,0,204595,,PAY_IPAY88,ID,204595,,JNE REG,3,IDR,1510283980,False,"[{""sku"": 6530, ""item_name"": ""Ardell Invisibands 63810 Wispies Black"", ""item_sku"": 106712, ""variation_discounted_price"": ""57715"", ""variation_id"": 671789, ""variation_name"": ""Ardell Invisibands 63810 Wispies Black"", ""item_id"": 392913, ""variation_quantity_purchased"": 1, ""variation_sku"": 682884, ""variation_original_price"": ""67900""}, {""sku"": 8424, ""item_name"": ""Ardell - 52360 Brush-on Lash Adhesive"", ""item_sku"": 285763, ""variation_discounted_price"": ""80665"", ""variation_id"": 101385, ""variation_name"": ""Ardell - 52360 Brush-on Lash Adhesive"", ""item_id"": 996630, ""variation_quantity_purchased"": 1, ""variation_sku"": 205053, ""variation_original_price"": ""94900""}, {""sku"": 1101, ""item_name"": ""Ardell 130231 Lashtite Adhesive 0.125oz Dark"", ""item_sku"": 948907, ""variation_discounted_price"": ""66215"", ""variation_id"": 802888, ""variation_name"": ""Ardell 130231 Lashtite Adhesive 0.125oz Dark"", ""item_id"": 138751, ""variation_quantity_purchased"": 1, ""variation_sku"": 732712, ""variation_original_price"": ""77900""}]",64924613,READY_TO_SHIP,0,"{""town"": """", ""city"": ""KOTA MEDAN"", ""name"": ""Random Person 58"", ""district"": ""District 58"", ""country"": ""ID"", ""zipcode"": 1291, ""full_address"": ""Address 58 at 1292"", ""phone"": ""12345-6789"", ""state"": ""SUMATERA UTARA""}",shopee-order-id-58
